parent_id,comment_id,body,predict_sentiment
7itakv,dr18qr5,Asshole plants and their photosynthesis bullshit,Positive
7itakv,dr1b67u,Circled in red just in case you couldn‚Äôt see what to read,Positive
7itakv,dr1jtm0,"I'm the guy in the picture. (Proof: https://i.imgur.com/q74ZOZy.jpg yes, I have a beard now).

Pls kill me.",Positive
7itakv,dr199b1,">Jain 

I bet he loves root crops though.",Negative
7itakv,dr18orr,"I mean yeah. I can't immediately think of a more destructive way to say ""Fuck you, plants!""",Positive
7itakv,dr1fifa,Precisely the reason I became a humanitarian.,Negative
7itakv,dr1j8hu,"Jain is actually not a given birth name in India. It is a classification one takes on when becoming a Jainist which is a religion that does emphasize eating vegetables only. However, they cannot eat any vegetable roots. Whatever they consume cannot mean the end of the life that created it. No roots, for example.",Negative
7itakv,dr18mil,Someone's been stung by one too many nettles.,Negative
7itakv,dr1g3d9,Im glad that it was circled in red otherwise i wouldnt be able to see it,Negative
7itakv,dr197oc,There's a lot of bitch ass plants out there that do some ruthless shit I don't blame him ,Negative
7itakv,dr1i5pz,"I grew up around Jains.

They don't just not eat animals. They also avoid a range of vegetables like onion, garlic, and potatoes. That's because new plants can sprout from them and are therefore considered to contain infinite lives (*ananthkay*).

Honey is forbidden, because it's collected 'violently' from bees.

They even try to avoid unfiltered water so they don't kill and digest the germs.

Needless to say, a Jain giving head would absolutely never *swallow*.",Positive
7itakv,dr1ho0t,This joke is older than the internet,Negative
7itakv,dr1cop1,"If anyone asked him ""are you serious?"" he'd probably redirect them back to his ""motherfucker do I look like I'm kidding"" facial expression.",Positive
7itakv,dr1k3f5,Thanks for highlighting that text! If it weren't for that red square I would've missed it!,Positive
7itakv,dr18vm1,I hate celery too. Fuck celery.,Negative
7itakv,dr1in43,/r/comedycemetery,Negative
7itakv,dr1gbu3,Original quote: https://m.youtube.com/watch?v=X60SM3Bl3OU,Positive
7itakv,dr1kolq,"Thanks op for putting on the red circle, I wouldn‚Äôt be able to see the text if not for that",Negative
7itakv,dr1ktdj,My job is a ton of paperwork and I always tell folks that I'm taking revenge for my grandfather who was killed in a lumber accident 55 years ago. ,Negative
7itakv,dr1l7di,"Technically, 1kg of meat needs up to 16kg of cereal to be produced. So you ""kill"" a lot more plants eating animals.
A LOT more water AND ground surface is needed to produce meat than for the same amount of cereal... :)",Positive
7itakv,dr18z1m,Everybody has their reasons... ,Negative
7itakv,dr1dmt4,"Eating animals is less efficient in terms of energy use, so you're eating more plants by eating meat. Trophic levels and shit.",Negative
7itakv,dr1h1ts,Can confirm. Am Jain. Am vegetarian. I hate plants too.,Negative
7itakv,dr1g951,This is as mildly funny as that red line is mildly infuriating.,Positive
7itakv,dr1i4jq,Hopefully he does not hate on people in the future.,Negative
7itakv,dr1kr4s,"If you love plants and want fewer plants consumed, eat less meat! Because at the bottom of the food chain of any animal you eat was plants and more of it than if you straight up ate plants.",Positive
7itakv,dr1dvi5,We've seen this picture so many times..,Positive
7itakv,dr1haps,*dat face,Positive
7itakv,dr1i1db,This kids gonna go far,Negative
7itakv,dr1kb1h,That's what I tell people when I'm annoyed of their questions. ,Positive
7itakv,dr1kbvg,Lol,Positive
7itakv,dr1kntb,Interesting approach. ,Positive
7itakv,dr1kuo7,wait what?,Positive
7itakv,dr1kykg,Clear example of a photosynthopath.,Positive
7itakv,dr1kzio,/r/uselessredcircle,Negative
7itakv,dr1kzri,I GREW UP WITH ANKIT HOLY SMOKES ,Negative
7itakv,dr1l06v,I‚Äôve said that about my wife for years. She‚Äôs also a vegetarian ,Positive
7itakv,dr1l12i,Mhm ,Positive
7itakv,dr1l59g,If you think about it!!! It's more reason to be Vegetarian!,Positive
7itakv,dr1l5qw,"""Jain""

My favorite thing I learned in an Eastern Religions course is that Jains believe you can be reincarnated as a plant. This means they have karmic agency and can make decisions (iirc which direction they choose to grow in in relation to the sun). Because of this, Jains have insanely strict food laws and won't even eat plants if the part they're eating kills the plant.",Positive
7itakv,dr1l6eo,I don't know how far back the joke goes - but at least to mid '80's [Jake Johannsen](http://www.jakethis.com/).,Positive
7itakv,dr1lhbe,"When you‚Äôre a vegetarian people in America ask you ‚ÄúWhy?‚Äù every meal practically. Like you owe them a fucking reason. 

Good for him. ",Positive
7itakv,dr1lmh2,I am not a nudist because I love being nude. I am a nudist because I hate pants. ,Negative
7itakv,dr1lryt,"/r/indianpeoplefacebook
",Negative
7itakv,dr1m316,Well his figure already proved that. ,Positive
7itakv,dr1m6ah,Zelda made me laugh because a Korok woke up suddenly from a nightmare about Vegetarians lol. If plants are Sentient Vegetarians are no longer nice guys ha ha,Positive
7itakv,dr1m9k9,This makes no sense. You consume a lot less plants when you eat them directly. ,Positive
7itakv,dr1m9x7,Interesting tidbit for whoever comes across this comment. This guy is most likely a Jain (believer in Jainism which have a strong belief in non-violence & killing things be they animals/bugs etc),Positive
7itakv,dr1m9yd,"A smart man.  Good use of the semicolon, too.",Positive
7itakv,dr1mfxi,The hero we all need.,Negative
7itakv,dr1mimv,Thug life ,Positive
7itakv,dr1mjty,Chlorophyll? More like borephyll!,Positive
7itakv,dr1mms4,This kid looks very well fed btw if anyone doubts the nutritional adequacy of a vegetarian diet.,Positive
7itakv,dr1mpwv,Well he clearly eats a lot of them. ,Positive
7itakv,dr1mt41,Jains man. Where's his mask.,Negative
7itakv,dr1mwl6,"I thought it's going to be a ""call center"" joke",Positive
7itakv,dr1mwsy,same tho,Negative
7itakv,dr1ncnu,"I‚Äôm really glad they bordered the quote in red, otherwise I probably would have missed it ",Negative
7itakv,dr1ngbz,That's my kinda veggie,Negative
7itakv,dr1o62s,Can I just say that is a beautiful semicolon demonstration.,Positive
7itakv,dr1o9iv,"I too would love a Triffid pie. I hate those things, they are everywhere around here.",Negative
7itakv,dr1obmu,Shhhiiit especially the damn plants be making water into sugar like shit i could've been drinking that water.,Negative
7itakv,dr1ocpy,I think he would kill more plants if he eated meat,Positive
7itakv,dr1oklq,this is bullshit,Positive
7itakv,dr1k0ip,"I actually like plants, but I just can't pass up a big fat juicy tofu burger.",Negative
7itakv,dr1k9wz,"I‚Äôm not locked in a room with this salad, it‚Äôs locked in here with me!",Negative
7itakv,dr1lbhj,This is not funny ,Negative
7itakv,dr1ijxt,Venus flytrap ate his parents.,Negative
7itakv,dr1in6g,Well at least he is honest. ,Positive
7itakv,dr1k732,This. ,Positive
7itakv,dr1k5pg,iron deficiency ,Positive
7itakv,dr1gqto,Dis dude suffer from amnesia?,Negative
7itakv,dr1i4e8,Seems legit. ,Negative
7itakv,dr1kdx7,"As someone who identifies as a plant, this offends me.",Positive
7itakv,dr1klkt,He could be a non vegetarian and still eat plants actually.,Negative
7itakv,dr1kq27,Jains are like Buddha followers. This guy is autistic,Positive
7itakv,dr1lgxm,Ahhh /r/funny you truly are the lowest common denominator.,Positive
7itakv,dr1gzjy,I'm not a meatatarian because I hate animals; I'm a meatatarian because I love plants.,Negative
7itakv,dr1hbu3,A vegetarian because you hate plants but you don‚Äôt love animals???,Negative
7itakv,dr1ieit,"""Why do you always look so pissed off when you eat?""",Positive
7itakv,dr1j0z6,Lol,Positive
7itakv,dr1jkm7,Vegetarian :looks at picture: Yeah i highly doubt that,Positive
7itakv,dr1dlr2,That's not the face of a vegetarian,Negative
7itakv,dr1hpze,Aren't you vegetarian coz you're a Jain,Positive
7itakv,dr1j56l,I bet he loves onion and garlic though.,Positive
7itakv,dr1idsr,I'm not a vegetarian because I love animals; they're delicious.,Positive
7itakv,dr1hnhp,"Huh, I'm also not a vegetarian, because I love animals.

Edit: i.e. I'm not a vegetarian, animals are too tasty",Positive
7itakv,dr19nyj,"aww, the person of colour is trying to fit in.",Positive
dr18qr5,dr1i06x,Asshole plants jerking off 24/7 and cumshotting pollen into my face all the time. ,Positive
dr18qr5,dr1imwq,"Vegetarianism is fucking metal.  I mean, when is the last time you've eaten a live animal?  I mean, just get in there and bite off chunks, ground them up with your teeth and enjoyed the precious bodily fluids?

Plants are often alive when I eat them.  Take a bite of radish.  You now have a living thing in your mouth that you could take out, stick in the ground and end up growing radishes.  (I mean, the odds aren't good, but it can happen.)  It's not dead until I crush it with my teeth and dump it into stomach acid to break down what's left.",Negative
dr18qr5,dr1k7mo,"Asshole plants producing all this oxygen, fuck oxygen man.",Negative
dr18qr5,dr1l9ib,Hahahahaha good one,Positive
dr18qr5,dr1jtvv,"""Fools! There is more of the plant world for me to devour!"" - ~~Shiva The Destroyer~~ my next door neighbor",Positive
dr18qr5,dr1krfi,"photosynthesis plants take up co2 and convert it to carbohydrate, light driven reduction of co2 to carbohydrate (glucose), plants store it as starch or cellulose, the second half of the cycle plants and animals perform oxidative metabolism to yeild co2 and h20. oxidation of carbohydrate is the primary energy generating process in metabolism...ill still get a 50 on my biochem tommorow tho",Positive
dr1b67u,dr1i1lo,r/WhyTheCircle,Negative
dr1b67u,dr1i9zg,Probably a cropped version of a fuller picture where there are many quotes.,Positive
dr1b67u,dr1j9w1,It's been reposted so many times even the red circle has lost its quality.,Negative
dr1b67u,dr1jslb,Wow I thought that was just the border,Positive
dr1b67u,dr1l9xn,"Instructions unclear, read his lips. ",Positive
dr1b67u,dr1jeee,r/uselessredcircle,Negative
dr1b67u,dr1io0g,"Good, otherwise I would have thought this was another anti-Ajit Pai post.",Positive
dr1b67u,dr1iieo,Then take a cell shot with 1/2 the circle cropped out. I'm lost again. What am I supposed to be reading?,Negative
dr1jtm0,dr1k2u2,You still hate plants?,Negative
dr1jtm0,dr1k0uv,if you're really suicidal you can get help. r/me_irl . They have the memes to get you through the week. ,Positive
dr1jtm0,dr1kgsk,"Can confirm, know this dude in RL, he's the homie",Positive
dr1jtm0,dr1k3yo,Still exclusively murdering plants these days?,Negative
dr1jtm0,dr1kkz1,What are you looking at in your picture. Why can't you look me in the eye. Do you think I'm fat? We should see other people.,Positive
dr1jtm0,dr1kik5,So tell us on this potato where the plants touched you.,Positive
dr1jtm0,dr1k6p7,How big is your cock fully erect,Positive
dr1jtm0,dr1k1v8,To the top with you!,Positive
dr1jtm0,dr1k5dj,"Well, this may be internet history. 

Reddit history at the least.",Negative
dr1jtm0,dr1ka34,Tell us the backstory on what you were thinking to come up with it? Were you getting bullied at school for being a vegetarian?,Positive
dr1jtm0,dr1kmd8,How many plants have you murdered since this quote?,Positive
dr1jtm0,dr1kq8v,What are you looking up at?,Positive
dr1jtm0,dr1kudj,"I agree, this is really old",Positive
dr1jtm0,dr1l0gd,What did the plants do to you?!?,Positive
dr1jtm0,dr1l345,Only if you eat your broccoli,Positive
dr1jtm0,dr1l7ti,[deleted],Negative
dr1jtm0,dr1le0a,"It is a funny quote from a funny dude:  http://www.azquotes.com/quote/37653

To be fair, though, it is often not attributed:  https://twitter.com/TheWhitneyBrown/status/934749766810066944",Positive
dr1jtm0,dr1lqk8,But it‚Äôs so funny!,Positive
dr1jtm0,dr1lvyx,Are you an Indian or a PIO?,Positive
dr1jtm0,dr1mgz3,I think your quote is amazing. It shows the final tier of self mastery by subjectively choosing to conquer your own demons. ,Positive
dr1jtm0,dr1mxhc,Shave that shit into a goatee bruh.,Negative
dr1jtm0,dr1n08z,dude. you should decorate your walls lol,Positive
dr1jtm0,dr1n3l0,"This photo will never die, especially if you want it to. Have you learned nothing from the internet?",Negative
dr1jtm0,dr1nkvs,"And if The Happening starts happening, don't worry, don't stew, just go right along and you'll start happening too...",Positive
dr1jtm0,dr1k8is,Do you have another confession regarding plants?,Positive
dr1jtm0,dr1klzk,I guess you can call than a beard. ,Positive
dr199b1,dr1ccni,"Just to be that guy that overexplains jokes, Jainism is a religion, one of whose tenets is to not eat any part of a plant when it would kill the plant. So they're not allowed to eat root vegetables because digging up and eating the root kills the plant.

I've probably done a poor job of explaining it. [Read about it](https://en.wikipedia.org/wiki/Jain_vegetarianism) yourself.",Positive
dr199b1,dr1l634,"To clarify: these are two different ""Jains"". "" ""Jain"" is a fairly common surname in India, and a person with that surname may or may not follow Jainism the religion.",Positive
dr199b1,dr1o926,"Yeah, why don't you write an etheric book about it?",Positive
dr18orr,dr1bdyf,"I mean, some fire on a grain elevator. But yes if you want to stay legal that sounds like the best route.",Positive
dr18orr,dr1c7kl,Plants vs Ankit from Popcap Games,Negative
dr18orr,dr1djhh,"Besides eating meat? A creature raised for meat will consume about 10x the amount of calories it produces, and that consumption will come from plant sources.

Knowing stuff helps you avoid making shitty jokes.",Positive
dr1fifa,dr1kb7l,I became one because im in love with Itarians,Positive
dr1j8hu,dr1l3qx,It's a surname.. If your parents have it you'll have it too.,Positive
dr18mil,dr1jfgw,Aha! I've always wondered what the translation was,Positive
dr197oc,dr1bnrx,*rootless,Positive
dr1ho0t,dr1ogcl,Alan Whitney Brown from SNL,Positive
dr18vm1,dr1jb1w,Celery is so fucking useless.  All it does is serve as an edible vessel for transferring other deliciousness to our mouths with as little taste interference as possible.,Negative
dr18vm1,dr1994h,Indeed. ,Positive
dr1l7di,dr1nzk4,"Not to mention all the plants your meat ""killed"" when it was alive.",Negative
dr1dmt4,dr1lc2r,"That's a valid point for vegans. By lessening the animal diaries and consumption, we would save a lot of farming and would lessen the global warming and mildly decrease deforestation. I don't mean we should never consume meat, we should lessen. Vegans don't consume meat at all just to balance the other people's diets, because so many people has the lifestyle of consuming meat as their major of meal, including me sadly.",Positive
dr1h1ts,dr1li3r,"and going by user name, boobs as well.",Positive
dr1hnhp,dr1lffw,*whoosh*,Positive
dr19nyj,dr1baga,"Aww, the lonely fuckhead is trying to be edgy.",Negative
dr19nyj,dr1bs6n,"I bet the kid in the picture is older than you are, racist asshole. Shouldn‚Äôt you be doing chores?",Positive
dr1i06x,dr1k0fi,Who the fuck do they think they are cumming on my face? I didn't ask for this. I'm not even into plants! ,Negative
dr1i06x,dr1k5bb,don't they know I'm allergic to plant cum,Negative
dr1i06x,dr1k0gx,#*AAA-AAA-AAAACHUUUUU!*,Positive
dr1i06x,dr1mq49,Yeah but they can jerk off 24/7. Wish we can do that. ,Positive
dr1i06x,dr1mx0w,ITS MAKES ME SO MAD I WANT TO EAT IT,Negative
dr1i06x,dr1id7i,Holy FUCK xDDDDD,Negative
dr1i06x,dr1kgyv,#metoo,Positive
dr1imwq,dr1jbe0,I threw up horns and was headbanging by the 3rd sentance. This guy Metals.,Negative
dr1imwq,dr1mjp3,"How do you eat a noce meaty soup? With a spoon. Like some kind of asshole. 

How do you eat a salad? Grab a fork, which is just 3-4 spears crammed into one, and stab those motherfuckers in the face they dont have.",Positive
dr1imwq,dr1mqyg,Some vegetables evolved to be eaten - they use the faeces as fertilization for initial growth - The plants are using you man,Positive
dr1imwq,dr1k5cz,[This guy agrees](https://youtu.be/CeZlih4DDNg),Positive
dr1imwq,dr1n7or,"We don't usually eat living plants, though. They're dead when they're eaten. Thankfully Plants can't feel pain (afaik and I really hope not) because being eaten alive would be awful.

Source: Vegan. (p.s I found the vegan. Got there before you all.)",Negative
dr1imwq,dr1nlx1,"lol.. though i am not a pure vegetarian, But this is such a stupid comparison üòÅüòÅ 
you can cut a part like the leg of any animal and it would still not be dead coz leg is not the thing that keeps it alive.. similarly for plants, the thing u mentioned was not the way to kill em too.. Not to mention that u chose Radish to suit your example as it would not be the same for every kinds of plants n stuffs. 
and its not just about that, coz if it was.. then whats wrong in cutting humans and killing, frying and eating them too ?? lol",Negative
dr1k7mo,dr1mx3y,"Too much oxygen will kill us - our lungs aren't designed to handle pure oxygen - The plants are murdering us very, very slowly - playing the long game",Negative
dr1i1lo,dr1j0uu,r/OfCourseThatsAThing,Negative
dr1i9zg,dr1k7ty,Correct. You can see the red circle itself is cropped.,Positive
dr1k2u2,dr1l3xk,"Fuck yeah, I do. ",Positive
dr1k2u2,dr1k5do,Inb4 AMA request!,Positive
dr1k0uv,dr1l5x3,I prefer /r/TooMeIRLForMeIRL,Negative
dr1k0uv,dr1kmu3,r/meirl,Negative
dr1kgsk,dr1l6qd,Can confirm he knows me <3,Positive
dr1kgsk,dr1mdon,What's his rank in RL? ,Positive
dr1k3yo,dr1l55w,Absolutely. Gotta show who's boss. ,Negative
dr1kkz1,dr1l7o2,"I mean... You said it, not me. ",Positive
dr1kik5,dr1lf9r,I'd rather burn the potato and eat it. ,Negative
dr1k6p7,dr1l49v,Relevant username? ,Positive
dr1k6p7,dr1mskx,"Oh, okay.",Positive
dr1k6p7,dr1l8dj,Are you circumcised.,Positive
dr1k1v8,dr1l68i,Nfifjrjgjxjejgngncjsbcjd,Positive
dr1k5dj,dr1l76f,Sigh... Just like last time. ,Negative
dr1ka34,dr1lex0,"So actually, I was in elementary school, but that's partially because I was going to catholic school and wasn't catholic (Indian parents went to catholic school in India cuz they were better than the public schools so they assumed the same in USA). It wasn't a lot of bullying, just people trying to sneak meat in my food, but the smell of it actually makes me nauseous. So... Yeah...

But the quote wasn't because of bullying or anything like that. It was made by one of the older legends of SNL (Alan Brown), and I wanted my high school quote to reflect a mix of who I am: vegetarian and confusing humor. ",Negative
dr1kmd8,dr1li58,"I'm eating an Indian curry with lots of slaughtered potatoes inside it.

 :) ",Positive
dr1kq8v,dr1ljbf,Where my life used to be before this fucking picture came to the internet. ,Negative
dr1kudj,dr1ljpa,Close to 3 years at this point,Negative
dr1l0gd,dr1ljzj,They existed.,Positive
dr1l7ti,dr1lsxz,"I could barely grow a beard like ten years ago, but now, things are definitely different.

Don't give up on your dreams, bb. ",Positive
dr1le0a,dr1lmvm,"I agree.

I actually met his daughter because of this blowing up, and we're friends on Facebook now :) ",Positive
dr1lvyx,dr1m95t,Indian!,Positive
dr1mgz3,dr1mrj3,"I really appreciate it :)

Out of respect to the OG, this quote was originally made by Alan Brown, but regardless, I'm honored to know it's received so well! ",Positive
dr1mxhc,dr1n0cp,"I usually do, actually.

I've just been lazy the past few weeks. ",Negative
dr1n08z,dr1n8rt,"I just moved in a few months ago!

And I'm lazy. ",Negative
dr1n3l0,dr1n863,"Oh, I get reminded weekly at this point.

So at this point, it's hard to forget :(",Positive
dr1ccni,dr1ih8x,Needed that explanation because the joke went right over my head.,Negative
dr1ccni,dr1khtf,Fruitarians eat only the seeds and seed pods (fruit) of plants.  They keep the plants alive while they eat their children.,Positive
dr1ccni,dr1mthg,Ahhh so they are more the torture porn guys. ,Positive
dr1ccni,dr1no28,"I'm a Jain and according to Jainism, the parts of a plant that are grown below the soil have way more microbes than parts of a plant above the ground hence vegetables like potatoes, onions and garlic are not allowed to be consumed. 
Most Jains don't follow this anymore but yeah, some of the rules in Jainism are downright wacky. ",Positive
dr1ccni,dr1nrjw,"While this is correct, only very devout jains follow this practice currently. For the majority, root vegetables are fine, except during a few particular holidays. However, the extent of the vegetarianism is pretty extreme and many people won't go to restaurants that serve meat in any capacity, nor even associate with people who eat meat.

Source: fiance is Jain. Been learning a lot from meeting his family but culture shock is real lol",Positive
dr1ccni,dr1f4h7,You've explained enough to know that it's not worth learning about. ,Positive
dr1l634,dr1m4jn,Just like a person with the surname Punjabi may or may not be Punjabi.,Positive
dr1djhh,dr1fdz1,Yeah but that's hating plants by proxy.  Murdering plants in their prime and shoving them in your mouth in an aggressive manner is much more personal.,Positive
dr1djhh,dr1l6f2,B U Z Z K I L L,Positive
dr1bnrx,dr1k980,"damn bitch ass rootless plants. i‚Äôm looking at *you* [mistletoe](https://en.m.wikipedia.org/wiki/Mistletoe)  and [rafflesia](https://en.m.wikipedia.org/wiki/Rafflesia) . think you so high and mighty you don‚Äôt need fuckin roots, too good for us with your fancy-ass [haustorium](https://en.m.wikipedia.org/wiki/Haustorium). fuck you",Positive
dr1jb1w,dr1ko9h,I swear that shit tastes more like solid water than ice does,Negative
dr1994h,dr1exhm,And Karen.,Positive
dr1lc2r,dr1n7s0,Reddit likes to pretend otherwise but there‚Äôs plenty of valid points for vegans. Boycotting immoral farming practices is another one.,Negative
dr1lffw,dr1lvg4,Indeed.,Positive
dr1bs6n,dr1etuq,"aww, i'm actually punching down and you're too racist to notice.",Negative
dr1k0fi,dr1k8u4,What about coconuts?,Negative
dr1k0fi,dr1kgvw,r/nocontext,Negative
dr1k0fi,dr1kxq8,I was hired to tie some peonies up to stakes as they were very large and couldn't support themselves. This made it difficult for the bees to get to them. It wasn't until afterwards that I realized I had prostituted myself to be involved in a cross-species bdsm orgy. ,Negative
dr1k0fi,dr1k8ij,Oh god this is giving me war flash backs.....from Grenada.,Negative
dr1k0fi,dr1kymy,They want revenge for Harvey Weinstein.,Negative
dr1k0fi,dr1od37,Get some in your eyes and your whole god damn day is ruined too!,Positive
dr1k0fi,dr1k8g8,Plants are my sexuality dude.,Negative
dr1id7i,dr1k3fo,Oh no,Negative
dr1jbe0,dr1ke60,That is the most metal way to describe vegetarians. And after reading your comment I did same. ,Positive
dr1jbe0,dr1k6wq,"but there was only one sentence left, at that point..",Negative
dr1mjp3,dr1mv49,Screw that - we've had spoons since the cavemen & forks since the french.,Negative
dr1nlx1,dr1op4r,"""Vegetative Reproduction"" is a thing animals can't do.  If I cut off your leg, I couldn't use it to regrow a you.  But with plants, you can.  

Unless you cook it alive, you eat it alive.",Positive
dr1mx3y,dr1nag2,They already caused one of the first extinction events. When they oxygenated the planet.,Negative
dr1j0uu,dr1k4kv,/r/IJustWantSomeUpvotes,Negative
dr1k5do,dr1kn36,"Sort of did one [here](http://reddit.com/r/blunderyears/comments/6rtm5v/i_just_wanted_to_make_a_stupid_joke_in_my_high/), which would imply that this post is a repost and might end up getting removed.",Positive
dr1l6qd,dr1ly5r,Don't know this guy. But would like to.,Positive
dr1l49v,dr1l4lr,"Also, I don't eat cock. Only plants. ",Negative
dr1l49v,dr1l9ug,Answer the mans question. ,Positive
dr1l49v,dr1mug5,It could be if you want it to be?,Positive
dr1l76f,dr1ld5c,"Sorry buddy. 

I wish you anonymity in your future.

^^^^^^^^^^^^^^OMG ^^^^^^^^^^^^^A ^^^^^^^^^^^^FAMOUS ^^^^^^^^^^^^^^PERSON ^^^^^^^^^^^^^^^JUST ^^^^^^^^^^^^^^RESPONDED ^^^^^^^^^^^^^^^TO ^^^^^^^^^^^^^^ME ^^^^^^^^^^^^^^ON ^^^^^^^^^^^^^^REDDIT^^^^^^^^^^^^^^",Negative
dr1m95t,dr1mx08,Sahi hai. Aap toh bare purane internet meme ho. Seen this pic of you a lot in r/vegetarian,Positive
dr1no28,dr1of95,"When I was looking up Jainist vegetarianism just now, I realized that what my Jain friends had told me didn't really quite line up with what Wikipedia said, which is why I added that postscript.

That said, Jainism is one of the oldest religions in the world, and they certainly didn't know about ""microbes"", at least not in the modern sense, for at least 90% of its existence. That feels to me like some sort of modern revisionism.

But I'm definitely not a Jainist, so what do I know?",Negative
dr1nrjw,dr1o24v,"I have known two people I know to be Jains. One of them basically didn't care at all, and wasn't even strict with his vegetarianism. (Okay, maybe his parents were Jains and he wasn't, really.) The other definitely wouldn't eat root vegetables. So I've probably managed to encounter both ends of the spectrum and not any of the average.",Negative
dr1f4h7,dr1is52,You've proved that you are an asshole and it's not worth anybody's time to have a discussion with you.,Positive
dr1fdz1,dr1gn69,"Now *that's* a joke!

It doesn't take much, people. Just put a little effort in.",Positive
dr1ko9h,dr1lzb1,I wish. It tastes like shit. ,Negative
dr1etuq,dr1i9bc,"Punching down....? What does that even mean, jackass?",Negative
dr1k8u4,dr1kbzf,I fucking love coconuts. Nothing more hetero than a nice pair of coconuts! üå¥ üå¥üå¥,Positive
dr1k8u4,dr1kk5j,Reddit really loves coconuts,Positive
dr1k8u4,dr1mpet,"I've got a lovely bunch of coconuts.

There they are standing in a row.


Big ones, small ones, some as big as your head...
",Positive
dr1kgvw,dr1l54l,/r/evenwithahhfuckit,Negative
dr1k6wq,dr1kvqr,There are 8 sentences... ,Positive
dr1k6wq,dr1ks52,Your sentence-counting skills need work.,Negative
dr1k4kv,dr1k92z,/r/imhereforthegangbang,Negative
dr1k4kv,dr1k968,/r/WhyIsntThatAThing,Negative
dr1kn36,dr1l3p7,I mean... That post was by me too. But the original was posted back in 2015 if I remember correctly? ,Positive
dr1kn36,dr1l002,Nooooo,Negative
dr1ly5r,dr1maa8,"I'm a lot more underwhelming IRL, to be honest.

Just stick to the picture :) ",Positive
dr1mug5,dr1n65u,Hopefully not a relevant username. ,Negative
dr1ld5c,dr1low0,"It's honestly okay.

Having facial hair now makes it harder for people to realize immediately, but for most people when they hear my name, they go like ""wait a minute.. Is this you?"" ",Positive
dr1mx08,dr1n55d,"Thanks a bunch, bhai! I appreciate it :) ",Positive
dr1is52,dr1juic,"You're more of an asshole, plus you're touchy af ",Positive
dr1gn69,dr1i1cf,What? The only joke here is you trying to sound smart with your faux intellectualism. ,Positive
dr1i9bc,dr1nfzf,"if you don't know, then you're either uninformed or a racist.  or both.",Positive
dr1kbzf,dr1krag,"> I love fucking coconuts.

FTFY",Negative
dr1kbzf,dr1nnsn,r/cocofleshlights,Negative
dr1kk5j,dr1kuxi,Not as much as maggots love cum filled coconuts ,Positive
dr1kk5j,dr1krit,"And believe it or not, if you check her post history, you can see her coconuts! Happy day! ",Positive
dr1ks52,dr1lexl,"It‚Äôs is only a sentence if it ends in a period. If it ends in a question mark, it‚Äôs an question.",Positive
dr1k92z,dr1kjsm,I hate that this isn't real. ,Negative
dr1k92z,dr1l325,[Ooooooooooorgy.](https://www.youtube.com/watch?v=Ke0nzpMIyNo),Positive
dr1l3p7,dr1l6q6,KD didn't show up anything on r/funny. Could be because the other posts were cropped differently.,Negative
dr1maa8,dr1mry0,This gave me bad Tinder flashbacks.,Negative
dr1n55d,dr1n88y,:),Positive
dr1juic,dr1kf3y,We are all assholes on this glorious day,Positive
dr1i1cf,dr1i9cz,"To be clear; you think /u/theyellowcamaro was being *serious* about the deep, personal hatred of plants?",Positive
dr1krag,dr1l72u,Please. Not again.,Negative
dr1kuxi,dr1lm5z,You rang?,Positive
dr1kuxi,dr1lcfp,"> cum filled donuts  

FTFY",Negative
dr1krit,dr1myut,Internet whores are the best whores. ,Negative
dr1lexl,dr1o0xq,"In case you're being serious, a question is a type of sentence:

[Sentences always begin with a capital letter and end in either a full stop, exclamation or question mark.](http://libweb.surrey.ac.uk/library/skills/Grammar%20Guide%20Leicester/page_02.htm)
",Positive
dr1kjsm,dr1l2mi,/r/notrealsubs,Negative
dr1l6q6,dr1llqf,"The other one was cropped differently, and the thread got deleted because OP got spammed when I joined that thread to respond to me.",Negative
dr1mry0,dr1n74d,Darn. ,Negative
dr1kf3y,dr1l71u,Speak for yourself.,Positive
dr1i9cz,dr1l2qz,"I wish we could say that the heavily retarded with zero self-awareness were a rare breed, but alas, you are but one of a blundering horde.",Positive
dr1l72u,dr1mj1a,[To confuse a vegetarian](http://famouscosmos.com/awesome/how-to-confuse-a-vegetarian/),Positive
dr1lm5z,dr1lwzf,r/beetlejuicing,Negative
dr1lm5z,dr1m6ay,"four year club.

user checks out.",Negative
dr1mj1a,dr1mzgp,We must deal with it,Positive
dr1mj1a,dr1n3pj,"I'm not a vegetarian because I like animals.
I'm a vegetarian because I hate vegetables.",Negative
dr1mj1a,dr1n7vn,I think these are bred in caulifornia,Negative
dr1kw0u,dr1o9bz,Ice king,Positive
dr1lbgo,dr1nfzd,Don't worry it happens to all guys,Positive
dr1gm1v,dr1jv9m,Thats what confused me. It's all perspective. In a children's hospital middle age is like 2 1/2. ,Negative
dr1gm1v,dr1ir9l,Carousel! ,Positive
dr1gm1v,dr1m5gr,Black plague ,Positive
dr1gm1v,dr1mxyw,"Debbie, the snotty 52-year-old at the reception desk.",Positive
dr1gm1v,dr1nwen,Bon Jovi concert.,Negative
dr1h5h0,dr1ndtn,More like reclaim the holy land,Positive
dr1g2y7,dr1kujo,There's a difference. The renaissance came after what we refer to as medieval or dark ages.,Positive
dr1noee,dr1nsag,"Drones are noisy though. Annoyingly so.

Even a couple hundred feet up you can still hear them.",Positive
dr1ff8h,dr1hwue,I thought the first time I saw this posted a year ago someone said that the guy flying the drone was being an ass and had been asked to leave them alone already.,Negative
dr1kdo7,dr1muzh,"Throwing spears is not a step up in safety. You never know if you've missed someone who might be hit.

That being said, I kind of hate drones.",Negative
dr1fy22,dr1gtqu,"Exactly. Like how it's cool to smash someone's car up with a sledgehammer when they drive it near me in a way that annoys me. 

This guy gets it.   /s

(I don't fly where I am not legally allowed. If you destroy my property when I'm within my rights to operate, that is a criminal act and I will press charges)",Negative
dr1k5mt,dr1mzm2,Me too.,Negative
dr1mg13,dr1n1bi,DRONEBORN *FUS RO DAH* (intro plays),Positive
dr1mg13,dr1n76t,That drone depicting is just too funny.,Positive
dr1n1ze,dr1nvez,/r/nevertellmetheodds,Negative
dr1n1ze,dr1o1bs,That's fucking awesome,Positive
dr1o5a1,dr1oetk,It's not runes but Cyrillic made to look like runes.,Negative
dr1o5a1,dr1ofsw,"He's translated the cyrillic alphabet from the tablet you can see on the picture. It's a fake tablet made to honour the event, and the ""runes"" is just Russian made to look like it's Runic.",Positive
dr1o5a1,dr1ogyj,"From what I can tell the runes around the side of that art are stylized Cyrillic, written to look similar to old Norse.
",Positive
dr1o5a1,dr1oha9,"Those are not runes in the image, its stylized cyrillic alphabet",Positive
dr1o5a1,dr1ojya,"The ""runes"" in the image are just Cyrillic letters.",Positive
dr1o5a1,dr1ok9v,I think the runes on the stump are actually just that russian sentence with cyrillic letters stylized to look like runes. This doesn't exactly look like the 'fu√æark' runes which I should be able to read since I'm Icelandic.,Positive
dr1o5a1,dr1opn1,Seems like the runes are just a Cyrillic language but written to look like runes. ,Positive
dr1o5a1,dr1oqon,"The writing on the stone is actually Cyrillic, they used a font that is rune-like.

The text in the video says ""Rusborg 2016: spear knocks down drone""",Positive
dr1ndnw,dr1nhat,Drones?,Positive
dr1ndnw,dr1o0zr,Kind interesting how back in the day poor villagers were scared of God smiting us from above. And now poor villagers are worried they'll be smitten from above by military drones.,Negative
dr1lx20,dr1mt3s,GY RO aaaaaw,Positive
dr1m8t2,dr1n8ot,"Swedes (basically, a group of warlords and their guard) were invited rulers (such a tradition ‚Äî inviting the ""manager"" ‚Äî existed in Slavic tribes, and in the republics of Pskov and Novgorod persisted for centuries), they changed little otherwise. It's like saying that Barack and Michelle Obama made all Americans black.

Pre-christian writing in the lands of eastern Slavic tribes is a topic replete with speculation and mystification due to scarcity of data bordering on complete lack thereof. Runic writing is as unsound as suggesting that Arabic alphabet was in use. If anything, what you see there is a funny stylization, aiming at achieving a ""generic medieval look"", rather than an attempt at historicity. In fact, this inscription is MUCH easier to read for a Russian speaker than if it was written the way early Cyrillic script looked ‚Äî now that would be illegible to vast majority of contemporary Russian speakers, or indeed to any Cyrillic users. ",Positive
dr1m7x2,dr1nl5i,"It's just Russian
Just in a font that makes it look ancient ",Positive
dr1m7x2,dr1mg06,I meant there is a Cyrillic script in the OP video and then ruins in the picture from this year.,Positive
dr1m7x2,dr1nrxz,"Words on the memorial in the picture are modern Cyrillic, stylized to look like those or some other similar runes.  
",Positive
dr1nwnn,dr1o7dn,"—ç—Ç–æ –¥–æ–ª–∂–Ω–æ –±—ã—Ç—å –≤—ã—à–µ
",Positive
dr1m9m9,dr1n1yh,The Vikings sailed all along the Volga trading up and down.  No shortage of Nordic influence in European Russia.,Negative
dr1m9m9,dr1nr8n,"Vikings are not only scandinavs.
For example, read about Helgi of Holmg√•rd -- Oleg of Novgorod (Prophet Oleg)
https://en.wikipedia.org/wiki/Oleg_of_Novgorod

–ûh, —Éou will see him in sixth season of series ""Vikings"".",Positive
dr1m3gx,dr1mvut,hey do u mind posting pics of your 4runner that'd be cool,Positive
dr1m40b,dr1n7yu,Erniemeo ? ,Positive
dr1n7m0,dr1ndqe,**MY PRECIOUS**,Positive
dr1lz6t,dr1nqqj,RIP Viserion ,Negative
dr1mvuk,dr1n5c6,Can someone ask the night King where he got all the chain to host a dragon out of a pond where the white walkers were scared to even enter?,Negative
dr1mvuk,dr1onok,"In other words, Bran.",Positive
dr1odl8,dr1olvr,"Nah. The cars are role-playing as carriages. Immerse yourself, spoilsport. ",Positive
dr1odl8,dr1onuv,Those are outside the main festival grounds though. ,Negative
dr1odl8,dr1ooad,"Are they using the cars during the event? And what do you expect them to do, squat in a ditch and pinch a loaf? Be real",Positive
dr1odl8,dr1oqab,"They are behind the plywood wall, and thus they do not exist.",Negative
dr1lcof,dr1m9ic,Chestbreaker is what he refers to his penis as,Positive
dr1lcof,dr1mt2f,not the war chest. That is separate from standard coffers.,Negative
dr1lcof,dr1mu2h,"They're called ""loot boxes"", no?",Negative
dr1lcof,dr1nwbj,I always component women in the coffers,Positive
dr1ndck,dr1ocpo,and then what?,Positive
dr1lc3z,dr1oedz,"They are magical awesome places and don't suck but if they suck to you it's probably because you're not drinking and partying enough. Any con or renfest I've gone to has literally been ""Drink and party"" until it's over which as far as weeb cons go is like 6am lol",Negative
dr1lc3z,dr1o9ct,.... but the late night post-con orgies....,Negative
dr1nbji,dr1nn6w,/r/thathappened,Negative
dr1nbji,dr1of8e,That story has been going around the SCA for a couple decades now. ,Positive
dr1k49e,dr1krhy,WTF does IANAL mean?  I see it all the time and always wonder.  I always just assume it was Apple's proprietary version of sodomy.,Negative
dr1k49e,dr1o6xj,"If I say ""no cell phones in my house"" I don't get to smash any that people bring. *IANAL*",Negative
dr1k49e,dr1nf8w,"You cannot destroy someone else property because it is on private property. Notice, we just tow cars instead of burning them or claiming them for ourselves.",Negative
dr1k49e,dr1kl4i,"Destroying someone else‚Äôs property is still a crime, even on private property. You don‚Äôt get to destroy a drone just because a renfair is 100% realistic.

Edit: these downvotes are ridiculous. Enjoy paying for property when you idiots destroy it thinking you‚Äôre even 1% justified",Positive
dr1k49e,dr1merc,Rules? What the do Renaissance fair rules matter to law? ,Positive
dr1n9l0,dr1nllc,"Well, in that guy's defence, maybe it was his character's reaction!",Positive
dr1o3ap,dr1ombt,my man,Negative
dr1njfd,dr1nqao,Thats amazing.,Positive
dr1nfzd,dr1o5tt,*phew* I was almost embarrassed for a minute there,Positive
dr1jv9m,dr1kju0,aaannnnnnddddd now we are sad. ,Negative
dr1jv9m,dr1ne2z,r/jessuschristreddit,Negative
dr1jv9m,dr1mxic,/r/imgoingtohellforthis,Negative
dr1ndtn,dr1o933,DID SOMEONE SAY CRUSADES,Negative
dr1ndtn,dr1o3v0,ÿ™ŸéŸÉŸíÿ®ŸêŸäÿ±,Positive
dr1ndtn,dr1oq7d,#ÿ•ŸÜ ÿ¥ÿßÿ° ÿßŸÑŸÑŸá‚Äé,Positive
dr1hwue,dr1isfr,And I've read another that says the spear guy replaced the drone because he didn't expect to hit it. ,Negative
dr1hwue,dr1hzoz,"This now changes the tone from why, to yay.",Negative
dr1gtqu,dr1jz2x,"Wow, why the downvote train?

All I'm saying is that from the context of the video it's quite likely that the pilot is an inconsiderate dick. Neither do I claim that everybody using a drone is an asshole nor that throwing the spear was the correct reaction.

On the other hand, if you chose to be an asshole, you shouldn't be too surprised if you provoke a violent reaction. If that reaction itself is justified is another question.",Positive
dr1gtqu,dr1irzb,"I feel like if you're flying close enough to some people that one of them can hit your drone with a spear, you're probably flying dangerously close.",Positive
dr1gtqu,dr1h4e0,"You can be both an inconsiderate dick, and on the right side of the law at the same time. 
While crying to the police might work for you in US suburb, many other police forces would laugh you out of the building. 
""Go away spoiled brat, Take your medeival tales elsewhere"".",Positive
dr1n1bi,dr1ndfn,"In their tongue, he is 01001000 01101110 11011110",Positive
dr1n1bi,dr1n705,I used to be a good drone. Until I took an arrow to the propeller,Positive
dr1n1bi,dr1nhev,"Nuz aan sul, fent alok, fod fun zul dovah nok,
Fen kos nahlot mahfaeraak ahrk ruz!
Paaz Keizaal fen kos stin nol bein Alduin jot,
Dovahkiin kos fin saviik do muz!",Positive
dr1n76t,dr1nr63,funny in that it is a very accurate depiction.  what would happen if a drone flew over an actual festival from the middle ages?  someone might attack it and then the event be memorialized exactly like this in every way. ,Positive
dr1oetk,dr1oq3t,Bullshit-look at that patina and tell me it's a fraudulent piece. It's 100% real,Positive
dr1nhat,dr1nlgp,"Time traveling drones, obviously.",Positive
dr1nhat,dr1npwf,Throwing spears at things that are different.,Positive
dr1n8ot,dr1nmdo,">It's like saying that Barack and Michelle Obama made all Americans black.
>

Is that... Is that not what happened? 

In all seriousness though, thank you for your insightful comment.",Positive
dr1n8ot,dr1nprz,"> It's like saying that Barack and Michelle Obama made all Americans black

chale compa, who's gonna go over to /r/BlackPeopleTwitter  and let them know :/",Negative
dr1n8ot,dr1nucc,TIL America was all black from 2009-2017. Does that mean America is orange now? ,Negative
dr1n8ot,dr1nn2o,One line of bullshit vs paragraph of reason. Guess what people will read and believe.,Negative
dr1n8ot,dr1od13,#HIS NAME IS MICHAEL OBAMA,Positive
dr1mg06,dr1mjox,Ohh I thought you meant the picture of the memorial.,Positive
dr1nrxz,dr1olmk,"I admit I'm not as familiar with Cyrillic as I once was, but I'm having trouble transliterating a few of the characters on the memorial with any modern Cyrillic characters. For example, what character is the [othalan](https://en.wikipedia.org/wiki/File:Runic_letter_othalan.png) looking glyph supposed to be? ",Positive
dr1mvut,dr1naf6,"Ask and ye shall receive:
https://www.reddit.com/r/4Runner/comments/7ivfft/my_99_saw_snow_for_the_first_time_in_a_while_4wd/?st=JB12SDD8&sh=4d331d71",Positive
dr1mvut,dr1n24g,My poor bby has a bent axel. Went offroading too hard :'(. It's 17 years old and I only have 180k on it. ,Negative
dr1ndqe,dr1nwd0,MY STABLER.,Negative
dr1nqqj,dr1of2c,Don't worry he's back already ,Negative
dr1nqqj,dr1o80g,Fucking spoilers ,Negative
dr1n5c6,dr1negv,"He originally planned to use the chains to climb the Wall, but once the dragon appeared he just went ""I got chains and a corpse in the water. Could work."".     
     
Either that, or the writers have no idea what they're doing anymore (more likely than the former).",Positive
dr1n5c6,dr1na7v,Magic,Positive
dr1n5c6,dr1ne4a,And how they attached the chain to the dragon?,Positive
dr1n5c6,dr1ndgu,"Walmart was around back then, man.",Positive
dr1n5c6,dr1nhjy,Asking the important questions here.,Positive
dr1n5c6,dr1njk9,"You cannot expect logic from GoT anymore. GRRM stopped writing his books, the show-runners have nothing but their own brains to go on, oh, and some loose outline GRRM handed them years ago. Unfortunately the show-runners are not very smart story tellers and don't expect the same attention to detail from their audiences as GRRM did from his readers.",Negative
dr1n5c6,dr1nfmw,Hardholme was a harbor town. Some fans speculate he brought the chains from there.,Positive
dr1n5c6,dr1nkpk,hasnt he been wandering north of the wall for thousands of years.  Is it really that hard to believe after years of wandering that he would come across chains?  The wildlings all hand iron.  They had boats and sea villages.  I dont know what life was like thousands of years before the present day but couldnt the earlier men and children of the forest use chains?  Maybe the Night king has forges seeing as how all his undead soldiers have iron weapons.,Negative
dr1n5c6,dr1nywl,"Arguably has bran like powers, would know that a dragon would come,  possibly a trap. 

Minor issue, to be completely fair, we also don't know how quick it actually was, coulda' been a few days of them trying to find some fuck-off big chains. ",Positive
dr1n5c6,dr1od3t,He got them from the ship in HardHome,Positive
dr1n5c6,dr1og72,The others and white walkers have gotten progressively more lame with each season,Negative
dr1n5c6,dr1ohsu,I love when people try to find plot holes like this in a show where there are dragons and zombies. You think it's unreasonable that a demon magic man with a dead army that can bring a dead dragon back to life and blow blue fire.. shouldnt have chains? Really lol?,Positive
dr1n5c6,dr1oiwm,"[You see a ruined hull with chains as Viserion is dragged past it](https://youtu.be/o7tMHD9x7ro?t=26)

Maybe it was a ship selling chains that got stuck in the ice at some point. ",Positive
dr1n5c6,dr1ok8e,Earlier in the episode they showed that there was a sunken chain-ferry on one part of the lake. They probably salvaged the chains from there. ,Negative
dr1n5c6,dr1okqf,He got it from the back of the white Toyota truck people spotted on the set.,Positive
dr1n5c6,dr1oob6,Hardhome Depot,Negative
dr1m9ic,dr1ngcr,"That‚Äôs weird, mines called Bumblaster.",Negative
dr1mu2h,dr1n1g9,No those are slowly becoming illegal across all gaming platforms.,Negative
dr1mu2h,dr1mz26,Only if it gives you a sense of pride and achievement yes,Positive
dr1mu2h,dr1n1ww,Only if they provide a sense of pride and accomplishment,Positive
dr1ocpo,dr1omrl,"At that point, you've done your job. ",Positive
dr1ocpo,dr1oqu3,More dicking. ,Positive
dr1o9ct,dr1oneo,the famous touhou orgy at magfest,Positive
dr1nn6w,dr1nvku,"Assuming someone actually did mug them I'd buy they were terrified of a man in chain mail.

Probably because they were thinking what kind if crazy bastard runs around in chain mail ",Negative
dr1krhy,dr1kyba,I Am Not A Lesbian,Negative
dr1krhy,dr1l4g8,I Am Not A Lawyer,Negative
dr1krhy,dr1llbv,They do anal,Positive
dr1krhy,dr1l0jp,Google is your friend. It means I am not a llama,Negative
dr1krhy,dr1l85n,He's just telling people he's open to anal.,Positive
dr1krhy,dr1mtw6,I do ANAL,Positive
dr1krhy,dr1kyr3,I Am Not A Lawyer,Negative
dr1krhy,dr1l3wk,"I am not a lawyer, but you are probably right with the Apple Sodomy guess.",Positive
dr1krhy,dr1lkva,I am not a lawyer,Negative
dr1krhy,dr1mmd5,"> IANAL 

IANAL is a Usenet and chat abbreviation (initialism) for ""I am not a lawyer"".",Positive
dr1krhy,dr1o51j,IANAL - I Anticipate New Amazing Laxatives,Positive
dr1krhy,dr1objn,Intense ANAL,Positive
dr1krhy,dr1ohq3,"its a redditors way of saying ""i dont know what the fuck im talking about but ima just go ahead and throw this out there to sound smart""",Negative
dr1kl4i,dr1kune,If you find a spy camera in your home do you have to search for the owner to give it back?,Positive
dr1jz2x,dr1kj8r,"I pretty much agree. I go out of my way to be considerate, so I have little sympathy for Comeuppance when it is justified. Without audio, this video looks like unprompted attack. With audio (apparently), they stopped him from breaking the law before he could endanger anyone. 

The truth is likely somewhere in the middle. ",Negative
dr1h4e0,dr1hfhq,"You're correct, and you have no way of knowing that I am extremely careful about where and how I fly without me volunteering that info and coming off like I'm bragging or overcompensating. 

But.... I am EXTREMELY careful about where and how I fly. Especially in relation to other people and their rights. I understand that not everyone is like me in that regard, and that sucks. I'd say something if I saw someone behaving irresponsibly, because their shit behavior makes me and everyone else who plays fair look like assholes by association.

Also, I wouldn't ""Cry to the Police"". I'd press charges. If you wanted to fight about it, I'd fight. 

But again, I'm not trying to come off all Billy Bad-Ass here... I wouldn't put myself in a situation to be fucked with, but you wouldn't fuck with my stuff without answering for it.",Negative
dr1ndfn,dr1nxlv,My shitty Google search says it should be 01000100 01110010 01101111 01101110 01100101 01100010 01101111 01110010 01101110 not entirely sure though. Just wanted to Google it.,Negative
dr1ndfn,dr1o6jf,"> 01001000 01101110 11011110

Hn√û is an odd name.",Positive
dr1ndfn,dr1ohac,Hn√û?,Positive
dr1n705,dr1om8t,BREAKING BAD DRONES,Negative
dr1nlgp,dr1nqlm,Ancient assenauts,Positive
dr1npwf,dr1nwhf,And embellishing a bit in the retelling.,Positive
dr1nucc,dr1nvx6,Orange is the new black.,Positive
dr1naf6,dr1ntts,Dope,Positive
dr1naf6,dr1nu8w,Nice,Positive
dr1naf6,dr1nint,now give a dickpic,Positive
dr1naf6,dr1objg,Nice.,Positive
dr1n24g,dr1nbk0,Bummer!  180k isn‚Äôt too bad.  Mine as 218K right now,Negative
dr1of2c,dr1oodk,He‚Äôs still a little blue about it.,Negative
dr1o80g,dr1oode,Fuck you it has been months.,Negative
dr1na7v,dr1ngng,"Unbelievable.  Dragos, sure, vagina demons, ok,  blind prohpehts alright, magic undesd suddenly making all that chain appear, nope, ruined my immersion. /S",Negative
dr1na7v,dr1nfph,WITCHCRAFT ,Positive
dr1ne4a,dr1ocm9,"Jump in holding the chain... ~~float~~ to the bottom.

Sink...",Positive
dr1njk9,dr1oere,"While I‚Äôm still enjoying the show, there‚Äôs been an obvious decline in quality since they passed the books. ",Negative
dr1nfmw,dr1nk4y,They were hundreds of miles from hardholme at that point I thought.  ,Negative
dr1nkpk,dr1no04,"I meant this as a joke, because it was just a ridiculous thing to see and undead army using it the way they did.",Positive
dr1ngcr,dr1nwsg,"Huh, people always refer to mine as ""Nevermind, I'm going home""",Positive
dr1ngcr,dr1nux1,Mine is called Dave.,Positive
dr1ngcr,dr1nwrt,"Bumbl-aster? 
So it looks like a daisy?",Positive
dr1ngcr,dr1o03k,Because it can only be made to blast from your bum?,Positive
dr1ngcr,dr1o4l7,I don't know why that's weird.  It would be confusing if they were all named the same thing.,Positive
dr1ngcr,dr1o4mr,"Huh, I named mine Aspirin. ",Positive
dr1ngcr,dr1obb2,"I call mine ""Frank Castle"".",Positive
dr1nvku,dr1ohcz,"A dude looking for an excuse to fuck somebody up, that's who",Positive
dr1kyba,dr1lvdy,"No... The other L word, Scott!",Positive
dr1l0jp,dr1ofqu,"The llama is a quadruped which lives in big rivers like the Amazon. It has two ears, a heart, a forehead, and a beak for eating honey. But it is provided with fins for swimming.

Llamas are dangerous, so if you see one where people are swimming, you shout: ""Look out, there are llamas!"".",Positive
dr1l85n,dr1o2ne,Ha!,Positive
dr1kyr3,dr1my9s,"Okay, but what does it mean?",Negative
dr1kj8r,dr1opoh,"I hope you already have this on your mind, but let me be absolutely clear: The moment you decide to use your drone around other people you're likely to bother them to some degree.

Do it during a medieval convention and you're basically guaranteed to bother people.

This has absolutely nothing to do with safety, let alone legal rights. In fact if you believe it's okay to bother other people on the basis that you have the legal right to do so, you're quite simply an asshole.

If you want to use your drone around other people, talking to those people beforehand goes a long way. Explain what you're doing, why you're doing it and for how long you're going to do it. Even if those people aren't happy about it for some reason, there's likely some compromise to be found. And on the off chance that they decide to be assholes about it, you can still reconsider your approach to that situation.",Positive
dr1hfhq,dr1oo6j,"‚Äúbecause their shit behavior makes me and everyone else who plays fair look like assholes by association.‚Äù

Aren‚Äôt all of these people playing fair? ",Negative
dr1nxlv,dr1nxro,Binary translated:  Droneborn,Positive
dr1nxlv,dr1o6r6,52meta5me,Positive
dr1o6jf,dr1odm7,Your P is slouching.,Negative
dr1nqlm,dr1ocxh,https://imgur.com/sD5Ql7n,Positive
dr1nwhf,dr1o9px,How do you think I met your mother?,Positive
dr1nvx6,dr1oqm9,"Holy fuck, that's brilliant. And sad. ",Negative
dr1nint,dr1ntzp,[Ask and ye shall receive](https://i.imgur.com/IstDsDe.png),Positive
dr1nbk0,dr1npls,That's great. I'm gonna fix it up for a while. I want 250k at least. I love this goddamn car. I had an Explorer before and I HATED it. ,Negative
dr1nbk0,dr1o3c4,218K is nothing mine is at 219K,Negative
dr1nbk0,dr1npk0,"I was car shopping one time and this old couple had a 2008 that looked brand new like just driven off the lot, so much so that I thought it was a 2013 or something later. Only they knew it was in perfect condition so they wanted like 18-19k for it ;( still think that was too high",Negative
dr1oode,dr1ooh1,"""Ya silly sausage""
",Positive
dr1ngng,dr1nk4j,LITERALLY UNWACHABLE!,Negative
dr1ngng,dr1nqid,Vagina demons? I only read the books,Positive
dr1ngng,dr1oq4f,"This line of argument never fails to come up. Just because a show has fantastical elements, doesn‚Äôt mean basic logic can be thrown out the window. ",Negative
dr1ocm9,dr1olcb,Wouldn't that be called sinking? Myth busted!,Positive
dr1nk4y,dr1oo7h,"When you're bouta get a dragon, how far are you willing to carry big ass chains?",Positive
dr1lvdy,dr1m2je,Lesbians,Positive
dr1lvdy,dr1obee,Leper?,Positive
dr1lvdy,dr1m727,Ladyboy?,Positive
dr1my9s,dr1ocv9,"If you're serious: It means, ""I'm not a lawyer, so this isn't legal advice, and might be entirely wrong according to the law....but here's my opinion""


So when someone says ""IANAL but I don't think you can be sued"" they mean ""I don't think you should be sue-able for this, but I don't know what the fuck I'm talking about, so maybe you can be sued and lose; I don't know"".

If someone says ""IANAL but that seems like self defense"", they mean ""I don't think you should go to federal pound-me-in-the-ass prison for the rest of your life for that, but I don't know what I'm talking about, and they might be on their way now""



It's self-acknowledgement that Law doesn't always match what we find as ""reasonable"", on a personal level, and that our opinions don't necessarily constitute a legal ""fact"".",Positive
dr1my9s,dr1nio4,"IANAL, but I'm pretty sure it means something about lesbians.",Positive
dr1nxro,dr1om72,[Fans Drone ‚Äì That‚Äôs a fantastic idea](http://famouscosmos.com/entertainment/fans-drone-thats-a-fantastic-idea/),Positive
dr1nxro,dr1oad3,"Should be Dronevakiin, IMO.",Positive
dr1nxro,dr1oa7g,>*monks chanting*,Negative
dr1o6r6,dr1ojfy,"The ISO standard formula (ISO-55052,1) is:

> (X)meta(X+1)me

Do you have a reason for not abiding by regulation? ",Positive
dr1ntzp,dr1o18m,Risky click,Positive
dr1ntzp,dr1o187,[That's a fantastic idea](http://famouscosmos.com/entertainment/fans-drone-thats-a-fantastic-idea/),Positive
dr1npls,dr1nuzz,Good move!  I hope it runs as strong for you as it has for me,Positive
dr1o3c4,dr1o5dw,Duuude... someday I‚Äôll be where you‚Äôre at,Positive
dr1nqid,dr1nv05,The shadow demon that killed what's his nuts.,Negative
dr1nqid,dr1ond6,Stannis‚Äôs son,Positive
dr1m2je,dr1oku4,Luddite!,Positive
dr1m2je,dr1on0m,I‚Äôm in lesbians with you,Positive
dr1oad3,dr1om49,Here you go 01000100 01110010 01101111 01101110 01100101 01110110 01100001 01101011 01101001 01101110,Positive
dr1ojfy,dr1ooh2,"Somethinsomething I wouldn't mind death

Please get at me, universe",Negative
dr1nv05,dr1ogjt,renly baratheon. And the other guy.,Positive
dr1nv05,dr1ojuj,Is the single reason I didn't watch the rest of the show. That was fucking stupid. Epic proportions of stupid. ,Negative
dr1om49,dr1om9k,Binary translated:  Dronevakin,Positive
